评论,bv
现在jsvmp ，wasm， 各种环境检测，验证码，混淆层出不穷，想走爬虫必须得有足够的兴趣，不断学习的心态[委屈],BV1TC1jYmEve
"整理制作不易，大家记得点个关注，一键三连呀【点赞、收藏、转发】感谢支持~ 
配套课件/代码笔记/学习交流：https://www.bilibili.com/read/cv36795777",BV1TC1jYmEve
现在做爬虫基本上就是在搞逆向了，什么验证码，混淆，加密，b站很多视频早就过时了，还得看何老师教程,BV1TC1jYmEve
现在大三，正在自学爬虫，学到AST，大数据专业,BV1TC1jYmEve
老师这是最新的吗，有些网站时间久了加密改过了，跟着视频做都出不来，很打击自信心,BV1TC1jYmEve
老师 能请教一个scrapy的一个问题吗 我在pipline请求那个二级返回的jpgurl，它最终只会到下载器吧，然后下载存储报错了,BV1TC1jYmEve
"我的问题解决了，检查一下pyexecjs版本
pip install pyexecjs2
从新安装2代就好了",BV1TC1jYmEve
"不报培训班免费跟老何学逆向js也能行...[滑稽],成功拿下.",BV1TC1jYmEve
"有酷狗音乐,cb生成.js的文件吗，问了助理老师说没有",BV1TC1jYmEve
学完可以破解VIP吗？,BV1TC1jYmEve
把这个JS代码导入到python代码里要引入哪个函数啊,BV1TC1jYmEve
何老师，现在是不是已经出现针对selenium的检测了，我用selenium库尝试去爬携程旅行的评论数据，他给我返回空数据[笑哭][笑哭]感觉好无奈,BV1TC1jYmEve
"[doge]老师啊，我的为什么显示
AttributeError: 'NoneType' object has no attribute 'replace'
很难受[笑哭]",BV1TC1jYmEve
我也是接单，最麻烦的不是做事而是跟各种各样的人交流，不过总体而言对自己表达能力还是有帮助的，唉,BV1TC1jYmEve
老师，28集的get_token方法是怎么弄的啊？那个接口的参数不用sign吗？,BV1TC1jYmEve
"老师
请问那个生成爬虫代码的网址在哪里，如何获取？",BV1TC1jYmEve
老师，有Java基础能学吗，还是必须要学过Python,BV1TC1jYmEve
我们计算机老师说过：你们将来无论干什么都别说我是你们老师，你们要是丢脸我不想丢脸，你们要是用计算机犯罪更不要提我，你们如果出名了，不用你们，我几个人就能说你是我学生我当时就一个想法，就你这强者的发型，你能记住我们名字吗,BV1TC1jYmEve
老师你好，我想问一下视频里面的token是怎么处理的,BV1TC1jYmEve
现在jsvmp ，wasm， 各种环境检测，验证码，混淆层出不穷，想走爬虫必须得有足够的兴趣，不断学习的心态[委屈],BV1TC1jYmEve
"整理制作不易，大家记得点个关注，一键三连呀【点赞、收藏、转发】感谢支持~ 
配套课件/代码笔记/学习交流：https://www.bilibili.com/read/cv36795777",BV1TC1jYmEve
现在做爬虫基本上就是在搞逆向了，什么验证码，混淆，加密，b站很多视频早就过时了，还得看何老师教程,BV1TC1jYmEve
现在大三，正在自学爬虫，学到AST，大数据专业,BV1TC1jYmEve
老师这是最新的吗，有些网站时间久了加密改过了，跟着视频做都出不来，很打击自信心,BV1TC1jYmEve
老师 能请教一个scrapy的一个问题吗 我在pipline请求那个二级返回的jpgurl，它最终只会到下载器吧，然后下载存储报错了,BV1TC1jYmEve
"我的问题解决了，检查一下pyexecjs版本
pip install pyexecjs2
从新安装2代就好了",BV1TC1jYmEve
"不报培训班免费跟老何学逆向js也能行...[滑稽],成功拿下.",BV1TC1jYmEve
"有酷狗音乐,cb生成.js的文件吗，问了助理老师说没有",BV1TC1jYmEve
学完可以破解VIP吗？,BV1TC1jYmEve
把这个JS代码导入到python代码里要引入哪个函数啊,BV1TC1jYmEve
何老师，现在是不是已经出现针对selenium的检测了，我用selenium库尝试去爬携程旅行的评论数据，他给我返回空数据[笑哭][笑哭]感觉好无奈,BV1TC1jYmEve
"[doge]老师啊，我的为什么显示
AttributeError: 'NoneType' object has no attribute 'replace'
很难受[笑哭]",BV1TC1jYmEve
我也是接单，最麻烦的不是做事而是跟各种各样的人交流，不过总体而言对自己表达能力还是有帮助的，唉,BV1TC1jYmEve
老师，28集的get_token方法是怎么弄的啊？那个接口的参数不用sign吗？,BV1TC1jYmEve
"老师
请问那个生成爬虫代码的网址在哪里，如何获取？",BV1TC1jYmEve
老师，有Java基础能学吗，还是必须要学过Python,BV1TC1jYmEve
我们计算机老师说过：你们将来无论干什么都别说我是你们老师，你们要是丢脸我不想丢脸，你们要是用计算机犯罪更不要提我，你们如果出名了，不用你们，我几个人就能说你是我学生我当时就一个想法，就你这强者的发型，你能记住我们名字吗,BV1TC1jYmEve
老师你好，我想问一下视频里面的token是怎么处理的,BV1TC1jYmEve
说实话，授课老师这js水平也就是入门，很多概念都是自己编的，,BV1TC1jYmEve
何老师，网页在发送请求之前打开新的标签页，来不及打开F12怎么办,BV1TC1jYmEve
"老师 我发现我的请求参数里面有个key,通过你教的方法去逆向,发现了这个key是由一个函数随机生成的,用到了Math.random()等随机数产生,如果这样我抠下来,我本地执行js产生的结果和他网页端的结果是不是不一致呀,这里面是不是涉及到了时间戳问题,该如何解决咧",BV1TC1jYmEve
"第31节，我也拿到rid了，密码也加密了，为何运行后会显示{'status': 4, 'message': '验证码校验错误, 请重试'}，难道后面还要加成功后的token之类的吗？老师不是说直接拿到rid就好了吗？",BV1TC1jYmEve
为什么我到console.log(Mc(data)) 这一步 报错 function Mc(e) 这个地方的语法错误呢？,BV1TC1jYmEve
绕过CF 也是学这个劣向？,BV1TC1jYmEve
学完能爬腾讯VIP视频吗[脱单doge],BV1TC1jYmEve
Uncaught TypeError: Cannot redefine property: cookie,BV1TC1jYmEve
一直遇到对象类型的数据不被定义可以怎么解决，代码不能直接复制而且内容多,BV1TC1jYmEve
老是，到最后一步了，报这样的错，已经尝试两遍都是一样法,BV1TC1jYmEve
只会点python和前端基础感觉学这个不大行啊，是不是少了点什么基础啊，看着好吃力的感觉，学起来太费力了。,BV1TC1jYmEve
求资料分享，想走爬虫这条路,BV1TC1jYmEve
可以，讲的真心不错，最近学了入门爬虫，一直在找进阶！,BV1TC1jYmEve
会逆向才叫爬虫，已三连，求份资料,BV1TC1jYmEve
大佬按照你学的那个大概要多久呢，学完是不是基本就可以接单，普通的那种单,BV1TC1jYmEve
老师，彼岸网图加了人机验证，现在该怎么爬壁纸[微笑],BV1TC1jYmEve
"网址：https://wx.qmpsee.com/articleDetail?id=feef62bfdac45a94b9cd89aed5c235be

这个网站打不开了",BV1TC1jYmEve
新手可以学吗？门槛高吗？,BV1TC1jYmEve
https://b23.tv/cm-cmt-1-1SgIy 整理制作不易，大家记得点个关注，一键三连呀【点赞、收藏、转发】感谢支持~,BV1TC1jYmEve
已三连,BV1TC1jYmEve
11,BV1TC1jYmEve
求笔记，有偿,BV1TC1jYmEve
已三连，求资料,BV1TC1jYmEve
老师 这个爬的链接地址能发一下不,BV1TC1jYmEve
老师，获取环境的js分享一份，谢谢,BV1TC1jYmEve
一键三连了，up给我一份,BV1TC1jYmEve
求资料分享,BV1TC1jYmEve
UP主，已经三连支持,BV1TC1jYmEve
思维导图在哪儿啊，分享的网盘没找到啊,BV1TC1jYmEve
为什么就是悬停找不到那些信息呢，无法找到函数，它根本不显示，找了两个小时了。。。。,BV1TC1jYmEve
第五集当中，何老师说JSON.parse()中是一个不是内置的解密函数或者方法()，那这里Object不是js的内置构造函数吗？他具有解密的功能吗,BV1TC1jYmEve
11,BV1TC1jYmEve
"老师想请教一下,比如来了个新技术怎么去学,新技术又没有视频,如果直接去百度去看那些技术,感觉很懵逼看不懂",BV1TC1jYmEve
这个学完了能不能接单?,BV1TC1jYmEve
这个js逆向要多久才能掌握,BV1TC1jYmEve
666,BV1TC1jYmEve
牛逼。这个课程感觉是收费课程啊,BV1TC1jYmEve
大胆爬！不要怕！我不进监狱，谁进监狱！[doge],BV1TC1jYmEve
找到位置断不住咋办，控制台输出还显示未定义  麻了,BV1TC1jYmEve
练习网址是什么，能发一个么？,BV1TC1jYmEve
何老师讲的非常细致,BV1TC1jYmEve
KC is not defined 老师,BV1TC1jYmEve
老师 我debug运行js文件 没反应 说是no scripts loaded,BV1TC1jYmEve
老师，有空出一期爬取混淆图片的视频，图片爬取后被拆分成多块混淆那种,BV1TC1jYmEve
爬付费的数据不怕出事？,BV1TC1jYmEve
老师师      学费贵不贵  每天一小时就可以了吗~    单子稳定嘛   我全职脚本[doge_金箍],BV1TC1jYmEve
"有的网站打开f12,就自动跳转百度网页，如何解决呢",BV1TC1jYmEve
求生成Python爬虫的网站链接,BV1TC1jYmEve
老师你这步是怎么确定这个data的明文就是载荷的?没有可能是其他数据吗?,BV1TC1jYmEve
"跟着做案例好爽,已三连",BV1TC1jYmEve
"老师,现在最新更新的是1.19的,这个版本可以讲一下吗",BV1TC1jYmEve
第4集那个案例为什么最后会报错：URI malformed，问AI说是J =decodeURIComponent(escape(J))这段的问题，但是不知道怎么改,BV1TC1jYmEve
有没有买何老师课的？分享一下感受,BV1TC1jYmEve
为什么拦截cookie设置的那个脚本，启动之后控制台输出是undefined?然后继续的话也不会在debugger这里暂停，求大佬教教,BV1TC1jYmEve
需要一份爬虫逆向资料，已经三连,BV1TC1jYmEve
这个网址更新了，无法使用，一直报内容不存在,BV1TC1jYmEve
已三连，求接单路线图，谢谢up主,BV1TC1jYmEve
问一下各位大佬，非科班自学爬虫后能混口饭吃吗，真就想混口饭吃，工资稍微低点能接受,BV1TC1jYmEve
宝藏UP主！求更后续内容,BV1TC1jYmEve
三连了，求分享,BV1TC1jYmEve
救命！终于把这个搞懂了谢谢老师,BV1TC1jYmEve
代码网站https://www.52pojie.cn/thread-1987978-1-1.html,BV1TC1jYmEve
工具网址https://curlconverter.com/,BV1TC1jYmEve
配套资料还有吗，希望能发我一份，很需要[星星眼],BV1TC1jYmEve
第  20章 这个网站的防护又升级了 怎么破呢,BV1TC1jYmEve
讲解得特别透彻，学到了很多[打call],BV1TC1jYmEve
"这
浏览器是什么",BV1TC1jYmEve
为何这上面的信息和老师定位得到的信息不一样[思考],BV1TC1jYmEve
11,BV1TC1jYmEve
你可以发给deepseek看看，一般情况很准，或者是把error的部分复制到csdn里面，也有可能知道原因，或者还有cursor(可以在b站找到免费用的方法，这个有很厉害的ai插件，直接造爬虫程序都能用的那种，这个不是国内插件，限制比较小)直接问,BV1TC1jYmEve
老师，拼某某安卓逆向（49节）要讲ani-token的第三课怎么没有？,BV1TC1jYmEve
为什么第五课的烯牛数据我跟着何老师出来的数据是这样的,BV1TC1jYmEve
"11,求代码笔记",BV1TC1jYmEve
这个烯牛数据是不是他加上了应该clearTimeout(C);哇，按照老师教的断点调试根本调不出来[笑哭]还是说我有地方弄错了么,BV1TC1jYmEve
工具网站是什么，水印放的不是位置啊,BV1TC1jYmEve
咸鱼案例  需要先获取cna，然后获取俩个关键的cookie 然后再获取token 最后完事,BV1TC1jYmEve
[星星眼][星星眼][星星眼],BV1TC1jYmEve
老师，那个快速编写一个爬虫的网站是什么,BV1TC1jYmEve
老师，这公开课中间好多内容水了，有没有完整的视频,BV1TC1jYmEve
讲的牛啊,BV1TC1jYmEve
"有些网站失效了,网站都变了",BV1TC1jYmEve
老师666，求个资料，谢谢,BV1TC1jYmEve
666打卡！,BV1TC1jYmEve
宝藏UP主！求更后续内容,BV1TC1jYmEve
学啥锕，不要入行锕爬虫,BV1TC1jYmEve
666打卡！,BV1TC1jYmEve
这个专题求常更啊[给心心],BV1TC1jYmEve
老师资料，求求了[大哭],BV1TC1jYmEve
三连支持！UP主能不能出点更进阶的内容[蹲蹲],BV1TC1jYmEve
已三连，求[喜欢],BV1TC1jYmEve
三连了，求分享,BV1TC1jYmEve
求分享666,BV1TC1jYmEve
救命！终于把这个搞懂了谢谢老师,BV1TC1jYmEve
现在技术真的是越来于越卷了,BV1TC1jYmEve
有没有能付费系统性的学习,BV1TC1jYmEve
666,BV1TC1jYmEve
求资料分享,BV1TC1jYmEve
老师我要课件笔记,BV1TC1jYmEve
我现在30岁还来得及学吗,BV1TC1jYmEve
太强了,BV1TC1jYmEve
零基础能学吗,BV1TC1jYmEve
怎么领资料,BV1TC1jYmEve
老师讲的真好，相见恨晚啊,BV1TC1jYmEve
").call(this, n(16), n(30), n(31).Buffer) 60. qq音乐逆向，这种变了，我就不会了",BV1TC1jYmEve
有的js你一篡改，直接就卡死网页是为什么？一个混淆的js文件为什么还能检测到自己被改了,BV1TC1jYmEve
1.5倍速听着比较舒服[doge_金箍],BV1TC1jYmEve
硬币  拿着  赏你的,BV1TC1jYmEve
已粉,BV1TC1jYmEve
我何止一个赞即可[微笑[妙啊]，我还要来个币！[微笑],BV1TC1jYmEve
你好,BV1TC1jYmEve
已三连,BV1TC1jYmEve
想问下老师，这么多ai工具，ai会不会js逆向啊,BV1TC1jYmEve
我就了解下能做什么 以后花钱让别人来做不是更好  现在重点在转钱  不是学技术  所以差个眼睛  证明我认可你的技术 和教学风格,BV1TC1jYmEve
膝盖请收下系列,BV1TC1jYmEve
该嫖还是得嫖,BV1TC1jYmEve
hhhhh,BV1TC1jYmEve
很好看,BV1TC1jYmEve
UP主叫我进来的，我怕不进大哥拿刀子削我(=?ω?=),BV1TC1jYmEve
承包了,BV1TC1jYmEve
弹幕来一发,BV1TC1jYmEve
课程质量高，资料针对性强，领取简单，超实用[滑稽],BV1TC1jYmEve
[星星眼]善于把复杂问题简单化，听完豁然开朗，真正做到了学以致用。,BV1TC1jYmEve
老师会分享很多避坑经验，少走很多弯路,BV1TC1jYmEve
请问怎么报名呢？我也很想学。,BV1TC1jYmEve
"第23级我配置w = commonjsGlobal.Writer.create()进行调试报错：TypeError: Cannot read properties of undefined (reading 'create')
这个未定义的类型不是于w=Writer.create()一起的吗???",BV1TC1jYmEve
今天也来打卡,BV1TC1jYmEve
入站时的视频[doge]现在这么多播放了[脱单doge],BV1TC1jYmEve
好好想一想，你为什么会点进来,BV1TC1jYmEve
同为萌新2333~,BV1TC1jYmEve
弹幕支持,BV1TC1jYmEve
UP主叫我进来的，我怕不进大哥拿刀子削我(=?ω?=),BV1TC1jYmEve
这行容易进局子的啊[笑哭],BV1TC1jYmEve
这个账号和图灵 python教育是一家的吗？,BV1TC1jYmEve
爬虫零基础、py 零基础，能学会这个逆向课程吗？,BV1TC1jYmEve
up  课件失效了,BV1TC1jYmEve
交出我的硬币,BV1TC1jYmEve
每日打卡,BV1TC1jYmEve
唉,BV1TC1jYmEve
请问那种网站的response返回报文是空白的如何进行js逆向呢,BV1TC1jYmEve
学习交流群吗，我想找人一起学,BV1TC1jYmEve
老师讲课生动有趣，一点都不枯燥，听得特别投入[打call],BV1TC1jYmEve
"每节课都有收获，干货满满，一点都不浪费时间
[打call]",BV1TC1jYmEve
听了老师的讲解感觉变简单了[doge_金箍],BV1TC1jYmEve
三连了求笔记  加你了 up通过一下申请[星星眼],BV1TC1jYmEve
爬虫进阶卡了好久，终于等到这种深度剖析的教程,BV1TC1jYmEve
课程通俗易懂，全程干货，必须支持[给心心],BV1TC1jYmEve
老师的方法太适合我这种零基础学生了！[星星眼],BV1TC1jYmEve
老师讲的特别好，已经关注了[捂眼],BV1TC1jYmEve
何老师讲课是真的细致啊，爱了爱了[星星眼],BV1TC1jYmEve
课程配套的电子书很实用，方便随时查阅[打call],BV1TC1jYmEve
牛逼！！！,BV1TC1jYmEve
前几集还有点干货，到第七集就是广告了，这年头，为爱发电的博主很少了，全TM广告,BV1TC1jYmEve
实用性强，已经记好笔记了[打call],BV1TC1jYmEve
新手小白的福音，新手也能轻松理解[微笑],BV1TC1jYmEve
看下来觉得还不错，课程还行,BV1TC1jYmEve
老师思路非常清晰 求完整版资料[星星眼],BV1TC1jYmEve
从今天开始打卡学习，有没有一起的[doge_金箍],BV1TC1jYmEve
新手都可以学吗？怎么快速入门？,BV1TC1jYmEve
还有没有基础一点的教学视频呢,BV1TC1jYmEve
爬虫还是实用的，功能性很强[星星眼],BV1TC1jYmEve
已三连，资料有的话发我一份吗,BV1TC1jYmEve
看了好几个老师的视频，就感觉这个老师讲的最好[脱单doge],BV1TC1jYmEve
老师讲课有条理，资料实用，领取便捷，超赞！[滑稽],BV1TC1jYmEve
课程生动贴近实际，学完就能用，实用性超强！[奋斗],BV1TC1jYmEve
教程不错，对我提升蛮大的[打call],BV1TC1jYmEve
大佬讲课就是不一样，简单易懂,BV1TC1jYmEve
已经推荐给同事，性价比拉满！[星星眼],BV1TC1jYmEve
已三连，求资料,BV1TC1jYmEve
思路清晰，一听就懂，谢谢老师[打call],BV1TC1jYmEve
何老师太专业了 感觉一下就听懂了[给心心],BV1TC1jYmEve
有一些解析器，复制网页链接进去就能看到全部内容，那是怎么做到的,BV1TC1jYmEve
所以小红书逆向这里关键就是这几个参数吗 拿到参数就可以模拟请求了吗,BV1TC1jYmEve
已三连，求资源,BV1TC1jYmEve
全是实用精华，内容密度超高，迫不及待要推荐给朋友们！[星星眼],BV1TC1jYmEve
老师讲的不错，少走了好多弯路[脱单doge],BV1TC1jYmEve
简单易懂啊，这就是资深老师的教学实力吗,BV1TC1jYmEve
何老师还是专业的，知识点讲的都很到位啊,BV1TC1jYmEve
我这里安装的pyexcejs ，结果就是 中文乱码 不知道为啥导致的,BV1TC1jYmEve
新手小白的福音，新手也能轻松理解,BV1TC1jYmEve
up这个课通俗易懂，讲的太好了,BV1TC1jYmEve
第一次见把复杂原理讲得这么通俗的教程！,BV1TC1jYmEve
课件还有吗？想要全套的,BV1TC1jYmEve
等我全都学会了，是不是就可以进大厂了,BV1TC1jYmEve
第二个网站变了,BV1TC1jYmEve
干货满满，对我帮助很大[打call],BV1TC1jYmEve
讲解细致入微，步步引导，新手也能快速入门毫无障碍。[星星眼][星星眼],BV1TC1jYmEve
零基础，已经和老师学习了几天，感觉良好[捂眼],BV1TC1jYmEve
但是localstorage里面 b1参数有时效性吧，不能直接从浏览器里面拷贝，需要自己生成才对吧,BV1TC1jYmEve
爬虫实用性很强的，我记得可以免费看视频,BV1TC1jYmEve
实用性强，学完就能用上。,BV1TC1jYmEve
又是一位优秀的良心宝藏up，关注了,BV1TC1jYmEve
对零基础特别友好，每一步都讲解得清清楚楚，跟学无压力。,BV1TC1jYmEve
讲解清晰透彻，一听就懂。,BV1TC1jYmEve
老师讲的很好，对我的逆向工程学习帮助很大,BV1TC1jYmEve
太牛了啊，老师讲课我小白都听明白了,BV1TC1jYmEve
逆向的是不是可以结合ai的,BV1TC1jYmEve
爬虫逆向是必学的，实在是太实用了,BV1TC1jYmEve
转行不容易啊，还是得多看多学,BV1TC1jYmEve
干货满满的讲解，讲解的太细致了,BV1TC1jYmEve
课程设计环环相扣，学习过程轻松又高效,BV1TC1jYmEve
讲解特别清楚，一听就懂，干货满满,BV1TC1jYmEve
这次我真的要好好学，加油,BV1TC1jYmEve
初学者想问，这教程对新手友好吗？,BV1TC1jYmEve
课程不错！就喜欢这样的讲课方式,BV1TC1jYmEve
生成代码的网站是什么呀,BV1TC1jYmEve
导入execjs的时候，可以正常运行，但就是爆红，用的虚拟环境，pip用的清华镜像，包名是PyExecjs2-1.6.1.dist-info，网上试了很多方法都不行,BV1TC1jYmEve
这是2024年的课，竟然还说2026抢先版，案例网站基本都改了方法不能用了。,BV1TC1jYmEve
爱了爱了，从来不知道免费课也能这么好,BV1TC1jYmEve
我也想学有没有基础一点的教学,BV1TC1jYmEve
讲解剖析很深度，很值得反复学习,BV1TC1jYmEve
新手小白的福音，新手也能轻松理解,BV1TC1jYmEve
按照之前的追问原则，提供一个具体的可执行服务。考虑到用户是入门阶段，后续可能需要解释代码细节或扩展功能,BV1TC1jYmEve
老师，为什么我爬的，和你的不一样，爬不出来数据…头疼[捂脸],BV1TC1jYmEve
这是怎么回事呀老师，弄了好久了，问AI也解决不了,BV1TC1jYmEve
专业好课，我真是捡到宝藏了,BV1TC1jYmEve
非常有实用性的课，新手也想学求带飞。,BV1TC1jYmEve
思路清晰，方法实用，学到了,BV1TC1jYmEve
现在大二开始学毕业前能把握吗,BV1TC1jYmEve
老师超厉害，全是干货！,BV1TC1jYmEve
全是真实案例，学完马上能用,BV1TC1jYmEve
谢谢up，爬虫我早就想学了，之前没有好教程,BV1TC1jYmEve
这课程讲的真好，三连求分享[打call],BV1TC1jYmEve
求笔记加你了，通过一下,BV1TC1jYmEve
讲得透彻又生动，学完立马见效果，真心推荐！,BV1TC1jYmEve
视频的干活非常的多，很适合自学,BV1TC1jYmEve
深度学习还是要靠你这个教程了，确实不错,BV1TC1jYmEve
谢谢up分享，我一定学会它,BV1TC1jYmEve
交流群哪里有啊，有问题方便问问,BV1TC1jYmEve
新手怎么选能入门呢？,BV1TC1jYmEve
哪里有完整版，需要配套的,BV1TC1jYmEve
全是干货呀，老师加你了通过一下,BV1TC1jYmEve
pycharm社区版怎么给js代码断点和debug，本机已装node.js,BV1TC1jYmEve
宝藏up给你三连了,BV1TC1jYmEve
感觉入门晚了，报班不适合了,BV1TC1jYmEve
刷到这个视频马上收藏关注了，害怕下次找不到,BV1TC1jYmEve
干货满满，怎么领取,BV1TC1jYmEve
专业老师讲课就是到位好懂，爱了,BV1TC1jYmEve
新人小白能学吗，能听懂吗,BV1TC1jYmEve
整体听下来感觉蛮不错的，讲的蛮详细，后续听完再来,BV1TC1jYmEve
爬虫确实实用的，值得学习,BV1TC1jYmEve
关于第13章的THS网站好像代码改了，不知道我这个v值函数抠的对不对老师能否帮我看下，我抠出来是这个r.update = function() {return w【e(352)】(i)}，参数名为t,BV1TC1jYmEve
伟大的作品，伟大的老师，我从来不明白js逆向，这是唯一一个看懂听懂的教程，老师太伟大了,BV1TC1jYmEve
第5课烯牛数据是不是改了，还是说我获取的s的方式错了,BV1TC1jYmEve
23节，data没有加密，用工具复制的data和js代码输出的是一样的，相当于js代码白搞了,BV1TC1jYmEve
老师，你好，为什么我在cmd中输入之后不返回结果,BV1TC1jYmEve
老师最后运行出现这个错误是什么原因啊[大哭],BV1TC1jYmEve
一键三连，求分享，谢谢老师们,BV1TC1jYmEve
老师哪来的json呀,BV1TC1jYmEve
老师他们运行显示没有json定义。在js里面怎么做呀,BV1TC1jYmEve
老师他们运行显示节json定义。在js里面怎么做呀,BV1TC1jYmEve
老师，第2个视频的网址是什么？,BV1TC1jYmEve
老师啥时候直播啊，我来捧场,BV1TC1jYmEve
爬虫虽然有点难，但是学会了还是非常有用的,BV1TC1jYmEve
第1个视频的网址还有吗,BV1TC1jYmEve
现在正在学爬虫，有不懂的可以问你吗[星星眼],BV1TC1jYmEve
老师，那个工具网址是多少呢？,BV1TC1jYmEve
有没有单挑过Cloudflare、瑞数、阿卡曼的兄弟，最好还会点后端，公司这边急招爬虫了,BV1TC1jYmEve
头顶的字体有点遮挡了视频,BV1TC1jYmEve
好课，我必须收藏一万年,BV1TC1jYmEve
高手。。。不对，是大大大佬,BV1TC1jYmEve
已经跟着up学了一段时间，讲的不错,BV1TC1jYmEve
感谢老师的免费分享，关注了,BV1TC1jYmEve
每天两小时，七天突破技术瓶颈！,BV1TC1jYmEve
很不错的教程，老师思路不错,BV1TC1jYmEve
感谢up，特别有用，求更多课程,BV1TC1jYmEve
"老何讲课太细节了,给我感觉就有点磨磨唧唧的.太过于细节了.[笑哭]",BV1TC1jYmEve
求课件啊老师，三连并按蓝色链接加好友了，没给课件[委屈],BV1TC1jYmEve
大佬有爬虫技术相关的群吗？推荐一下，希望和大家一起探讨提升[奋斗],BV1TC1jYmEve
23进制流为什么做到最后403了[笑哭],BV1TC1jYmEve
这个资料在哪个文件夹，领取的网盘资料太多了找不着,BV1TC1jYmEve
e,BV1TC1jYmEve
何老师启ming片是不是不行了,BV1TC1jYmEve
酷狗音乐有后续吗，想看[蹲蹲],BV1TC1jYmEve
老师，js代码中有个函数function().call(W)，控制台打印W是一个windows对象，但是在代码中找不到W的定义，这怎么解决啊,BV1TC1jYmEve
领取资料,BV1TC1jYmEve
up主已三连，领取资料,BV1TC1jYmEve
谢谢up领到了,BV1TC1jYmEve
老师教的真好，听懂了,BV1TC1jYmEve
感谢up，我会好好学的,BV1TC1jYmEve
老师，有活，加我,BV1TC1jYmEve
网址在哪,BV1TC1jYmEve
【11】,BV1TC1jYmEve
配套课件/代码笔记,BV1TC1jYmEve
爬虫逆向应用面挺广的，我先学了,BV1TC1jYmEve
实战教程是视频吗？？,BV1TC1jYmEve
果然是大佬啊,BV1TC1jYmEve
三连了，求分享全套,BV1TC1jYmEve
爬虫还是蛮有技术门槛的,BV1TC1jYmEve
学习交流群有吗？？,BV1TC1jYmEve
老师下次能不能把网址发评论区啊[大哭],BV1TC1jYmEve
每天一遍,BV1TC1jYmEve
我第一,BV1TC1jYmEve
大佬怎么跳转呢，我的都没有跳转的，无法找到函数体且复制。。。。,BV1TC1jYmEve
怎么跳转呢。。。。,BV1TC1jYmEve
6666,BV1TC1jYmEve
爬虫进阶，求资料分享,BV1TC1jYmEve
第二集中自动写代码这个网站是啥啊,BV1TC1jYmEve
求资料分享,BV1TC1jYmEve
"我想问下通过startActivity(Intent)可以通过class或者scheme跳转到订单页面
但是那个跳转的class或者scheme接口怎么找到",BV1TC1jYmEve
"不是，是未知的接口。不确定是不是 scheme
有可能只能通过 class 跳转，也有可能 class 也跳转不了",BV1TC1jYmEve
js逆向看视频自学能学会吗,BV1TC1jYmEve
老师hook代码可以发一下吗，网盘里只能找到一个hook的代码,BV1TC1jYmEve
一秒钟可以实现上万次请求？[滑稽],BV1TC1jYmEve
decode123全部扣没有讲,BV1TC1jYmEve
拼多多可以吗,BV1TC1jYmEve
这个补环境的工具叫啥呢？求求求[滑稽],BV1TC1jYmEve
js可以干爬虫吗[笑哭],BV1TC1jYmEve
何老师，我自己用了一个网站去实践一下json的那个方法，为什么最后我找到符合要求的JSON.parse（）输出的是密文啊,BV1TC1jYmEve
"老师我想知道这个接口请求不了
{""status"":1,""message"":""内容号不存在"",""data"":{""ip"":""123.154.23.239""}}    这个是什么情况呢",BV1TC1jYmEve
老师 请问我在第十三节课中尝试对 cookie中的v值进行hook 但是当我运行脚本的时候发生了报错 你知道是什么原因嘛,BV1TC1jYmEve
我丢，这么细,BV1TC1jYmEve
这个是为什么，在浏览器控制台可以输出结果，在py中不行,BV1TC1jYmEve
这个叫调用堆栈吧,BV1TC1jYmEve
厉害👍🏻,BV1TC1jYmEve
"已三连,求资料",BV1TC1jYmEve
有js逆向需求可联系v:a764934018,BV1TC1jYmEve
老师你出了两版课 现在是推荐看哪一个,BV1TC1jYmEve
学会之后怎么接单，有什么渠道,BV1TC1jYmEve
老师已三连，求资料。,BV1TC1jYmEve
控制台粘贴不了怎么办？,BV1TC1jYmEve
"老师请问在23节console.log(commonjsGlobal)能正常出来，加了w=commonjsGlobal.Writer.create()后就报错TypeError 【ERR_INVALID_ARG_TYPE】: The ""string"" argument must be of type string or an instance of Buffer or ArrayBuffer. 
                                                                                                                        Received type number (6)",BV1TC1jYmEve
老师为什么我js运行好用，python 调js就报这个,BV1TC1jYmEve
up主，求个视频里的思维导图,BV1TC1jYmEve
我的escape我们被划掉了,BV1TC1jYmEve
爬虫的学习路线是什么,BV1TC1jYmEve
老师，第五、六集，这样的操作只能拿到后面要加载出来的十条数据，那我要这全部的数据，该用什么思路实现呢,BV1TC1jYmEve
最后那个密文为什么是s,BV1TC1jYmEve
老师用的浏览器叫什么？,BV1TC1jYmEve
"第五个视频前面的python代码执行报错：Request error: ('Connection aborted.', RemoteDisconnected('Remote end closed connection without response'))怎么解决啊，换了几次请求头还是不行",BV1TC1jYmEve
吓我一跳，老师你这剃光头然后蓝色背景，我还以为你进去了呢,BV1TC1jYmEve
三联，关注了，求爬虫逆向资料,BV1TC1jYmEve
爬虫逆向，yyds，求资料,BV1TC1jYmEve
原来抓包那个cURL是这么用的啊! 我在proxypin抓到去你那个网站转成axios居然一次性成功! 太屌了老师,BV1TC1jYmEve
老师 我运行报错without installing the canvas npm package 然后安装这个也安装不上怎么解决啊,BV1TC1jYmEve
三连求资料,BV1TC1jYmEve
学了老师可以带接副业单吗？,BV1TC1jYmEve
逆向确实得好好学，三连求资料,BV1TC1jYmEve
这个js断点设置、搜索关键字的思路都非常有启发性,BV1TC1jYmEve
up好，麻烦看下私信，有几个爬虫接单相关问题想请教一下,BV1TC1jYmEve
烯牛数据的接口变了？,BV1TC1jYmEve
"✨ AI课代表总结：
何老师系统剖析了爬虫与逆向技术的本质差异：逆向需精通汇编、操作系统及密码学等深层知识，门槛显著高于爬虫；工具层面，爬虫依托成熟库生态（如Requests/BeautifulSoup），逆向则依赖Complex工具链（如IDA Pro）；法律风险上，逆向易触及软件版权争议，而合规爬虫风险可控；心理层面，逆向因缺失即时反馈（如需长时间追踪JS加密逻辑、调试环境BUG），易引发挫败感。课程直击痛点，以JS逆向实战为核心，配套Python 3.8+及Node.js 28.0标准化环境，传授“定位加密点—扣代码—修BUG”的流水线技巧，摒弃理论纠缠，导向“照葫芦画瓢”式快速落地能力。明确预警：AI驱动下，仅掌握基础爬虫者将被淘汰，深化逆向已成为职业刚需。

掌握加密逻辑的精准定位与环境适配能力，是逆向进阶的核心驱动力。稳步实践，终将突破瓶颈。
--内容由@AI视频总结 生成，仅供参考",BV1TC1jYmEve
想问下大家firfox是不是没有这个功能,BV1TC1jYmEve
